{
    "class_cont_Acc": [
        0.8427423167848701,
        0.8704211557296768,
        0.6996798292422627,
        0.943202416918429,
        0.7775088250126072
    ],
    "class_cont_std": [
        0.05741798496660046,
        0.04946237913532519,
        0.05091330293575436,
        0.010611834741042901,
        0.0355976219311695
    ],
    "cont_mean": 0.826710908737569,
    "cont_std": 0.012123036606668726,
    "Acc": [
        [
            [
                1.0,
                0.9995271867612293,
                0.9990543735224586,
                0.9990543735224586,
                0.9995271867612293
            ],
            [
                0.9470449172576832,
                0.9735224586288416,
                0.9721040189125295,
                0.9328605200945627,
                0.9739952718676123
            ],
            [
                0.9040189125295508,
                0.9380614657210402,
                0.9210401891252955,
                0.7683215130023641,
                0.8382978723404255
            ],
            [
                0.9186761229314421,
                0.9314420803782506,
                0.9191489361702128,
                0.7546099290780142,
                0.9040189125295508
            ],
            [
                0.8775413711583925,
                0.9167848699763593,
                0.8638297872340426,
                0.7565011820330969,
                0.7990543735224587
            ]
        ],
        [
            [
                0.0,
                0.0,
                0.0,
                0.0,
                0.0
            ],
            [
                0.94564152791381,
                0.9495592556317336,
                0.9260528893241919,
                0.9627815866797258,
                0.9520078354554359
            ],
            [
                0.9387855044074437,
                0.9392752203721841,
                0.9245837414299706,
                0.9471106758080313,
                0.9270323212536729
            ],
            [
                0.9270323212536729,
                0.9299706170421156,
                0.9147894221351616,
                0.9373163565132223,
                0.9255631733594515
            ],
            [
                0.901077375122429,
                0.8736532810969637,
                0.791380999020568,
                0.9378060724779628,
                0.8481880509304603
            ]
        ],
        [
            [
                0.0,
                0.0,
                0.0,
                0.0,
                0.0
            ],
            [
                0.0,
                0.0,
                0.0,
                0.0,
                0.0
            ],
            [
                0.8858057630736392,
                0.8874066168623266,
                0.9375667022411953,
                0.8991462113127001,
                0.9252934898612594
            ],
            [
                0.8415154749199573,
                0.8601921024546425,
                0.8767342582710779,
                0.8319103521878335,
                0.8703308431163287
            ],
            [
                0.67982924226254,
                0.7331910352187834,
                0.6093916755602988,
                0.7246531483457844,
                0.7513340448239061
            ]
        ],
        [
            [
                0.0,
                0.0,
                0.0,
                0.0,
                0.0
            ],
            [
                0.0,
                0.0,
                0.0,
                0.0,
                0.0
            ],
            [
                0.0,
                0.0,
                0.0,
                0.0,
                0.0
            ],
            [
                0.9501510574018127,
                0.9546827794561934,
                0.9612286002014099,
                0.9531722054380665,
                0.9622356495468278
            ],
            [
                0.9410876132930514,
                0.932527693856999,
                0.959214501510574,
                0.9511581067472307,
                0.93202416918429
            ]
        ],
        [
            [
                0.0,
                0.0,
                0.0,
                0.0,
                0.0
            ],
            [
                0.0,
                0.0,
                0.0,
                0.0,
                0.0
            ],
            [
                0.0,
                0.0,
                0.0,
                0.0,
                0.0
            ],
            [
                0.0,
                0.0,
                0.0,
                0.0,
                0.0
            ],
            [
                0.7881996974281392,
                0.7503782148260212,
                0.83761976802824,
                0.7771053958648513,
                0.7342410489157841
            ]
        ]
    ]
}