{
    "m_th_in": 4.5,
    "m_th_hid": 2.5,
    "m_th_out": 1,
    "Acc": [
        [
            [
                0.9995271867612293,
                0.9995271867612293,
                0.9990543735224586,
                0.9995271867612293,
                0.9985815602836879
            ],
            [
                0.9777777777777777,
                0.9952718676122931,
                0.9938534278959811,
                0.9919621749408983,
                0.9877068557919622
            ],
            [
                0.9858156028368794,
                0.9905437352245863,
                0.9787234042553191,
                0.9739952718676123,
                0.8799054373522459
            ],
            [
                0.9333333333333333,
                0.9427895981087471,
                0.9768321513002364,
                0.9664302600472813,
                0.8539007092198582
            ],
            [
                0.9257683215130024,
                0.9825059101654846,
                0.9527186761229315,
                0.9319148936170213,
                0.8869976359338061
            ]
        ],
        [
            [
                0.0,
                0.0,
                0.0,
                0.0,
                0.0
            ],
            [
                0.901077375122429,
                0.8447600391772772,
                0.8922624877571009,
                0.8535749265426053,
                0.8364348677766895
            ],
            [
                0.9045053868756121,
                0.8330068560235063,
                0.8770812928501469,
                0.8227228207639569,
                0.7845249755142018
            ],
            [
                0.8295788442703232,
                0.807541625857003,
                0.8809990205680706,
                0.8246816846229187,
                0.7879529872673849
            ],
            [
                0.9226248775710089,
                0.8579823702252694,
                0.8712047012732616,
                0.8672869735553379,
                0.7997061704211558
            ]
        ],
        [
            [
                0.0,
                0.0,
                0.0,
                0.0,
                0.0
            ],
            [
                0.0,
                0.0,
                0.0,
                0.0,
                0.0
            ],
            [
                0.8495197438633938,
                0.8281750266808965,
                0.8335112059765208,
                0.9370330843116329,
                0.8697972251867663
            ],
            [
                0.8287086446104589,
                0.7790821771611526,
                0.8143009605122732,
                0.8820704375667022,
                0.8089647812166488
            ],
            [
                0.823906083244397,
                0.7203842049092849,
                0.7977588046958378,
                0.7235859124866596,
                0.7310565635005336
            ]
        ],
        [
            [
                0.0,
                0.0,
                0.0,
                0.0,
                0.0
            ],
            [
                0.0,
                0.0,
                0.0,
                0.0,
                0.0
            ],
            [
                0.0,
                0.0,
                0.0,
                0.0,
                0.0
            ],
            [
                0.9199395770392749,
                0.8967774420946626,
                0.9405840886203424,
                0.9561933534743202,
                0.9164149043303121
            ],
            [
                0.8987915407854985,
                0.8952668680765358,
                0.9451158106747231,
                0.9028197381671702,
                0.905840886203424
            ]
        ],
        [
            [
                0.0,
                0.0,
                0.0,
                0.0,
                0.0
            ],
            [
                0.0,
                0.0,
                0.0,
                0.0,
                0.0
            ],
            [
                0.0,
                0.0,
                0.0,
                0.0,
                0.0
            ],
            [
                0.0,
                0.0,
                0.0,
                0.0,
                0.0
            ],
            [
                0.44831064044377206,
                0.5274836106908725,
                0.5627836611195158,
                0.47806354009077157,
                0.5496722138174484
            ]
        ]
    ]
}