{
    "m_th_in": 100,
    "m_th_hid": 100,
    "m_th_out": 100,
    "Acc": [
        [
            [
                1.0,
                0.9995271867612293,
                0.9990543735224586,
                0.9995271867612293,
                0.9995271867612293
            ],
            [
                0.5645390070921986,
                0.7843971631205674,
                0.7167848699763594,
                0.5328605200945626,
                0.8023640661938535
            ],
            [
                0.350354609929078,
                0.5361702127659574,
                0.5182033096926714,
                0.2553191489361702,
                0.5182033096926714
            ],
            [
                0.6742316784869976,
                0.816548463356974,
                0.6732860520094562,
                0.6515366430260048,
                0.8137115839243498
            ],
            [
                0.43829787234042555,
                0.4293144208037825,
                0.4,
                0.3706855791962175,
                0.5101654846335697
            ]
        ],
        [
            [
                0.0,
                0.0,
                0.0,
                0.0,
                0.0
            ],
            [
                0.9598432908912831,
                0.9666993143976493,
                0.94564152791381,
                0.9657198824681684,
                0.9618021547502449
            ],
            [
                0.6606268364348677,
                0.5959843290891284,
                0.5759059745347699,
                0.683643486777669,
                0.5617042115572968
            ],
            [
                0.7727717923604309,
                0.7580803134182175,
                0.7247796278158668,
                0.7154750244857982,
                0.7776689520078355
            ],
            [
                0.545543584720862,
                0.5235063663075417,
                0.5205680705190989,
                0.5817825661116552,
                0.5386875612144956
            ]
        ],
        [
            [
                0.0,
                0.0,
                0.0,
                0.0,
                0.0
            ],
            [
                0.0,
                0.0,
                0.0,
                0.0,
                0.0
            ],
            [
                0.9941302027748132,
                0.9893276414087513,
                0.987726787620064,
                0.9898612593383138,
                0.9882604055496265
            ],
            [
                0.5512273212379936,
                0.43649946638207043,
                0.41141942369263607,
                0.4834578441835646,
                0.4589114194236926
            ],
            [
                0.08751334044823907,
                0.12379935965848453,
                0.096051227321238,
                0.11953041622198506,
                0.08484525080042689
            ]
        ],
        [
            [
                0.0,
                0.0,
                0.0,
                0.0,
                0.0
            ],
            [
                0.0,
                0.0,
                0.0,
                0.0,
                0.0
            ],
            [
                0.0,
                0.0,
                0.0,
                0.0,
                0.0
            ],
            [
                0.9939577039274925,
                0.9969788519637462,
                0.9964753272910373,
                0.9924471299093656,
                0.9934541792547835
            ],
            [
                0.919436052366566,
                0.7578046324269889,
                0.8267875125881168,
                0.8464249748237663,
                0.8937562940584088
            ]
        ],
        [
            [
                0.0,
                0.0,
                0.0,
                0.0,
                0.0
            ],
            [
                0.0,
                0.0,
                0.0,
                0.0,
                0.0
            ],
            [
                0.0,
                0.0,
                0.0,
                0.0,
                0.0
            ],
            [
                0.0,
                0.0,
                0.0,
                0.0,
                0.0
            ],
            [
                0.9697428139183056,
                0.962178517397882,
                0.9697428139183056,
                0.9692385274836107,
                0.9793242561775088
            ]
        ]
    ]
}