{
    "m_th_in": 6.5,
    "m_th_hid": 4,
    "m_th_out": 2.5,
    "Acc": [
        [
            [
                0.9990543735224586,
                0.9990543735224586,
                0.9995271867612293,
                0.9990543735224586,
                0.9990543735224586
            ],
            [
                0.8638297872340426,
                0.9281323877068558,
                0.8907801418439716,
                0.8198581560283688,
                0.6846335697399527
            ],
            [
                0.56548463356974,
                0.7456264775413711,
                0.8297872340425532,
                0.649645390070922,
                0.5125295508274231
            ],
            [
                0.7182033096926714,
                0.8174940898345153,
                0.8274231678486997,
                0.7361702127659574,
                0.6104018912529551
            ],
            [
                0.5881796690307328,
                0.699290780141844,
                0.8449172576832151,
                0.40425531914893614,
                0.7078014184397163
            ]
        ],
        [
            [
                0.0,
                0.0,
                0.0,
                0.0,
                0.0
            ],
            [
                0.9618021547502449,
                0.9539666993143977,
                0.9681684622918707,
                0.9422135161606269,
                0.9422135161606269
            ],
            [
                0.846718903036239,
                0.8800195886385896,
                0.9270323212536729,
                0.9226248775710089,
                0.8667972575905974
            ],
            [
                0.8756121449559255,
                0.8947110675808031,
                0.9275220372184133,
                0.921645445641528,
                0.8330068560235063
            ],
            [
                0.7908912830558276,
                0.5930460333006856,
                0.7879529872673849,
                0.8976493633692458,
                0.7629774730656219
            ]
        ],
        [
            [
                0.0,
                0.0,
                0.0,
                0.0,
                0.0
            ],
            [
                0.0,
                0.0,
                0.0,
                0.0,
                0.0
            ],
            [
                0.9487726787620064,
                0.955709711846318,
                0.9268943436499466,
                0.9114194236926361,
                0.9413020277481323
            ],
            [
                0.8009605122732124,
                0.8143009605122732,
                0.8159018143009605,
                0.8025613660618997,
                0.8628601921024547
            ],
            [
                0.5090715048025614,
                0.44823906083244397,
                0.624332977588047,
                0.6840981856990395,
                0.512273212379936
            ]
        ],
        [
            [
                0.0,
                0.0,
                0.0,
                0.0,
                0.0
            ],
            [
                0.0,
                0.0,
                0.0,
                0.0,
                0.0
            ],
            [
                0.0,
                0.0,
                0.0,
                0.0,
                0.0
            ],
            [
                0.9712990936555891,
                0.973313192346425,
                0.9632426988922457,
                0.9536757301107754,
                0.9707955689828801
            ],
            [
                0.9113796576032226,
                0.8559919436052367,
                0.9138972809667674,
                0.9521651560926485,
                0.9702920443101712
            ]
        ],
        [
            [
                0.0,
                0.0,
                0.0,
                0.0,
                0.0
            ],
            [
                0.0,
                0.0,
                0.0,
                0.0,
                0.0
            ],
            [
                0.0,
                0.0,
                0.0,
                0.0,
                0.0
            ],
            [
                0.0,
                0.0,
                0.0,
                0.0,
                0.0
            ],
            [
                0.880988401412002,
                0.8174483106404438,
                0.7609682299546142,
                0.7539082198688856,
                0.8512355017650025
            ]
        ]
    ]
}