{
    "m_th_in": 5.5,
    "m_th_hid": 3.25,
    "m_th_out": 1.75,
    "Acc": [
        [
            [
                0.9990543735224586,
                0.9990543735224586,
                0.9995271867612293,
                0.9995271867612293,
                0.9995271867612293
            ],
            [
                0.9905437352245863,
                0.9947990543735225,
                0.9522458628841608,
                0.992434988179669,
                0.9721040189125295
            ],
            [
                0.9527186761229315,
                0.8836879432624114,
                0.8983451536643026,
                0.8988179669030733,
                0.9522458628841608
            ],
            [
                0.9148936170212766,
                0.9588652482269504,
                0.9044917257683215,
                0.9650118203309692,
                0.9328605200945627
            ],
            [
                0.8879432624113475,
                0.9186761229314421,
                0.8955082742316784,
                0.9659574468085106,
                0.864775413711584
            ]
        ],
        [
            [
                0.0,
                0.0,
                0.0,
                0.0,
                0.0
            ],
            [
                0.9270323212536729,
                0.8330068560235063,
                0.8819784524975515,
                0.871694417238002,
                0.8873653281096964
            ],
            [
                0.8966699314397649,
                0.8442703232125367,
                0.8114593535749265,
                0.7918707149853085,
                0.8099902056807052
            ],
            [
                0.8863858961802155,
                0.8379040156709109,
                0.8903036238981391,
                0.8413320274240941,
                0.767384916748286
            ],
            [
                0.7409402546523016,
                0.8692458374142997,
                0.905484818805093,
                0.8472086190009794,
                0.8354554358472086
            ]
        ],
        [
            [
                0.0,
                0.0,
                0.0,
                0.0,
                0.0
            ],
            [
                0.0,
                0.0,
                0.0,
                0.0,
                0.0
            ],
            [
                0.9124866595517609,
                0.8404482390608324,
                0.9445037353255069,
                0.8874066168623266,
                0.8831376734258272
            ],
            [
                0.8233724653148345,
                0.8212379935965849,
                0.8345784418356457,
                0.7934898612593383,
                0.836179295624333
            ],
            [
                0.7321237993596584,
                0.8292422625400213,
                0.7892209178228389,
                0.6755602988260405,
                0.7470651013874067
            ]
        ],
        [
            [
                0.0,
                0.0,
                0.0,
                0.0,
                0.0
            ],
            [
                0.0,
                0.0,
                0.0,
                0.0,
                0.0
            ],
            [
                0.0,
                0.0,
                0.0,
                0.0,
                0.0
            ],
            [
                0.9310171198388721,
                0.8902316213494461,
                0.9546827794561934,
                0.9566968781470292,
                0.9627391742195368
            ],
            [
                0.8947633434038268,
                0.8710976837865055,
                0.9496475327291037,
                0.9516616314199395,
                0.9556898288016112
            ]
        ],
        [
            [
                0.0,
                0.0,
                0.0,
                0.0,
                0.0
            ],
            [
                0.0,
                0.0,
                0.0,
                0.0,
                0.0
            ],
            [
                0.0,
                0.0,
                0.0,
                0.0,
                0.0
            ],
            [
                0.0,
                0.0,
                0.0,
                0.0,
                0.0
            ],
            [
                0.7090267271810389,
                0.5375693393847706,
                0.626828038325769,
                0.6873424104891579,
                0.5970751386787695
            ]
        ]
    ]
}