{
    "class_cont_Acc": [
        0.9292999999999999,
        0.8829,
        0.909,
        0.9527000000000001,
        0.9427
    ],
    "class_cont_std": [
        0.020733065378761528,
        0.022793420103178877,
        0.0058137767414994665,
        0.012909686285886271,
        0.016001874890149575
    ],
    "cont_mean": 0.92332,
    "cont_std": 0.002667133292507145,
    "Acc": [
        [
            [
                0.96,
                0.9795,
                0.974,
                0.976,
                0.9755
            ],
            [
                0.911,
                0.914,
                0.9565,
                0.796,
                0.929
            ],
            [
                0.8945,
                0.928,
                0.9445,
                0.792,
                0.9415
            ],
            [
                0.9195,
                0.9355,
                0.9535,
                0.883,
                0.9445
            ],
            [
                0.9215,
                0.9375,
                0.949,
                0.8925,
                0.946
            ]
        ],
        [
            [
                0.0,
                0.0,
                0.0,
                0.0,
                0.0
            ],
            [
                0.895,
                0.9075,
                0.852,
                0.934,
                0.8965
            ],
            [
                0.891,
                0.8735,
                0.843,
                0.905,
                0.863
            ],
            [
                0.8955,
                0.887,
                0.843,
                0.9095,
                0.8625
            ],
            [
                0.898,
                0.883,
                0.8535,
                0.9165,
                0.8635
            ]
        ],
        [
            [
                0.0,
                0.0,
                0.0,
                0.0,
                0.0
            ],
            [
                0.0,
                0.0,
                0.0,
                0.0,
                0.0
            ],
            [
                0.9195,
                0.935,
                0.9255,
                0.9255,
                0.915
            ],
            [
                0.916,
                0.935,
                0.9255,
                0.9265,
                0.9125
            ],
            [
                0.9065,
                0.9175,
                0.913,
                0.9075,
                0.9005
            ]
        ],
        [
            [
                0.0,
                0.0,
                0.0,
                0.0,
                0.0
            ],
            [
                0.0,
                0.0,
                0.0,
                0.0,
                0.0
            ],
            [
                0.0,
                0.0,
                0.0,
                0.0,
                0.0
            ],
            [
                0.937,
                0.952,
                0.969,
                0.9295,
                0.959
            ],
            [
                0.9415,
                0.955,
                0.9715,
                0.9355,
                0.96
            ]
        ],
        [
            [
                0.0,
                0.0,
                0.0,
                0.0,
                0.0
            ],
            [
                0.0,
                0.0,
                0.0,
                0.0,
                0.0
            ],
            [
                0.0,
                0.0,
                0.0,
                0.0,
                0.0
            ],
            [
                0.0,
                0.0,
                0.0,
                0.0,
                0.0
            ],
            [
                0.955,
                0.9395,
                0.913,
                0.9495,
                0.9565
            ]
        ]
    ]
}