{
    "class_cont_Acc": [
        0.9471999999999999,
        0.8089999999999999,
        0.9231999999999999,
        0.9766999999999999,
        0.9719
    ],
    "class_cont_std": [
        0.0063921827257987195,
        0.039717754216471,
        0.037326398165373496,
        0.012249897958758693,
        0.01601062147450875
    ],
    "cont_mean": 0.9256,
    "cont_std": 0.014888653397805955,
    "Acc": [
        [
            [
                0.9745,
                0.9745,
                0.976,
                0.975,
                0.9755
            ],
            [
                0.8985,
                0.669,
                0.6855,
                0.694,
                0.6325
            ],
            [
                0.934,
                0.948,
                0.921,
                0.8935,
                0.9605
            ],
            [
                0.9475,
                0.9505,
                0.9415,
                0.952,
                0.962
            ],
            [
                0.9455,
                0.953,
                0.937,
                0.9455,
                0.955
            ]
        ],
        [
            [
                0.0,
                0.0,
                0.0,
                0.0,
                0.0
            ],
            [
                0.937,
                0.957,
                0.957,
                0.9545,
                0.9455
            ],
            [
                0.883,
                0.7755,
                0.868,
                0.8365,
                0.7355
            ],
            [
                0.849,
                0.7205,
                0.821,
                0.7165,
                0.7385
            ],
            [
                0.8465,
                0.765,
                0.866,
                0.787,
                0.7805
            ]
        ],
        [
            [
                0.0,
                0.0,
                0.0,
                0.0,
                0.0
            ],
            [
                0.0,
                0.0,
                0.0,
                0.0,
                0.0
            ],
            [
                0.954,
                0.99,
                0.9655,
                0.9645,
                0.971
            ],
            [
                0.9385,
                0.984,
                0.9635,
                0.9495,
                0.961
            ],
            [
                0.9085,
                0.967,
                0.957,
                0.921,
                0.8625
            ]
        ],
        [
            [
                0.0,
                0.0,
                0.0,
                0.0,
                0.0
            ],
            [
                0.0,
                0.0,
                0.0,
                0.0,
                0.0
            ],
            [
                0.0,
                0.0,
                0.0,
                0.0,
                0.0
            ],
            [
                0.984,
                0.996,
                0.988,
                0.9935,
                0.9925
            ],
            [
                0.9735,
                0.992,
                0.9765,
                0.9855,
                0.956
            ]
        ],
        [
            [
                0.0,
                0.0,
                0.0,
                0.0,
                0.0
            ],
            [
                0.0,
                0.0,
                0.0,
                0.0,
                0.0
            ],
            [
                0.0,
                0.0,
                0.0,
                0.0,
                0.0
            ],
            [
                0.0,
                0.0,
                0.0,
                0.0,
                0.0
            ],
            [
                0.9725,
                0.9915,
                0.985,
                0.9645,
                0.946
            ]
        ]
    ]
}