{
    "class_cont_Acc": [
        0.9564999999999999,
        0.7902,
        0.9599,
        0.9877,
        0.9672000000000001
    ],
    "class_cont_std": [
        0.002387467277262685,
        0.010851727973000441,
        0.014249210504445513,
        0.0011224972160321775,
        0.0035014282800023403
    ],
    "cont_mean": 0.9323,
    "cont_std": 0.0014463747785411762,
    "Acc": [
        [
            [
                0.979,
                0.9815,
                0.9745,
                0.9795,
                0.978
            ],
            [
                0.8915,
                0.864,
                0.884,
                0.907,
                0.826
            ],
            [
                0.96,
                0.956,
                0.959,
                0.959,
                0.9575
            ],
            [
                0.9495,
                0.963,
                0.946,
                0.954,
                0.9535
            ],
            [
                0.9565,
                0.9585,
                0.952,
                0.9585,
                0.957
            ]
        ],
        [
            [
                0.0,
                0.0,
                0.0,
                0.0,
                0.0
            ],
            [
                0.9375,
                0.946,
                0.937,
                0.93,
                0.952
            ],
            [
                0.745,
                0.7785,
                0.6655,
                0.729,
                0.7385
            ],
            [
                0.64,
                0.7075,
                0.575,
                0.668,
                0.681
            ],
            [
                0.792,
                0.8095,
                0.7895,
                0.7785,
                0.7815
            ]
        ],
        [
            [
                0.0,
                0.0,
                0.0,
                0.0,
                0.0
            ],
            [
                0.0,
                0.0,
                0.0,
                0.0,
                0.0
            ],
            [
                0.9755,
                0.9705,
                0.981,
                0.981,
                0.9785
            ],
            [
                0.9715,
                0.9615,
                0.976,
                0.9795,
                0.976
            ],
            [
                0.9605,
                0.9325,
                0.9725,
                0.9685,
                0.9655
            ]
        ],
        [
            [
                0.0,
                0.0,
                0.0,
                0.0,
                0.0
            ],
            [
                0.0,
                0.0,
                0.0,
                0.0,
                0.0
            ],
            [
                0.0,
                0.0,
                0.0,
                0.0,
                0.0
            ],
            [
                0.9955,
                0.9945,
                0.997,
                0.9955,
                0.996
            ],
            [
                0.9885,
                0.9855,
                0.988,
                0.988,
                0.9885
            ]
        ],
        [
            [
                0.0,
                0.0,
                0.0,
                0.0,
                0.0
            ],
            [
                0.0,
                0.0,
                0.0,
                0.0,
                0.0
            ],
            [
                0.0,
                0.0,
                0.0,
                0.0,
                0.0
            ],
            [
                0.0,
                0.0,
                0.0,
                0.0,
                0.0
            ],
            [
                0.962,
                0.964,
                0.9705,
                0.97,
                0.9695
            ]
        ]
    ]
}