{
    "class_cont_Acc": [
        0.9519,
        0.765,
        0.9357,
        0.9877999999999998,
        0.9808
    ],
    "class_cont_std": [
        0.005453439281774381,
        0.03674506769622285,
        0.015882694985423596,
        0.004365775990588594,
        0.00624179461373091
    ],
    "cont_mean": 0.92424,
    "cont_std": 0.006286366199960098,
    "Acc": [
        [
            [
                0.979,
                0.979,
                0.975,
                0.982,
                0.9765
            ],
            [
                0.7915,
                0.8015,
                0.8165,
                0.647,
                0.776
            ],
            [
                0.954,
                0.956,
                0.948,
                0.948,
                0.942
            ],
            [
                0.9655,
                0.928,
                0.954,
                0.944,
                0.9565
            ],
            [
                0.956,
                0.9545,
                0.9515,
                0.9415,
                0.956
            ]
        ],
        [
            [
                0.0,
                0.0,
                0.0,
                0.0,
                0.0
            ],
            [
                0.957,
                0.9575,
                0.9495,
                0.9615,
                0.9525
            ],
            [
                0.7705,
                0.728,
                0.8115,
                0.7525,
                0.83
            ],
            [
                0.6875,
                0.574,
                0.809,
                0.7135,
                0.7575
            ],
            [
                0.763,
                0.7625,
                0.8195,
                0.7045,
                0.7755
            ]
        ],
        [
            [
                0.0,
                0.0,
                0.0,
                0.0,
                0.0
            ],
            [
                0.0,
                0.0,
                0.0,
                0.0,
                0.0
            ],
            [
                0.9655,
                0.9795,
                0.963,
                0.991,
                0.9715
            ],
            [
                0.9525,
                0.9475,
                0.9525,
                0.9835,
                0.951
            ],
            [
                0.9085,
                0.9425,
                0.932,
                0.957,
                0.9385
            ]
        ],
        [
            [
                0.0,
                0.0,
                0.0,
                0.0,
                0.0
            ],
            [
                0.0,
                0.0,
                0.0,
                0.0,
                0.0
            ],
            [
                0.0,
                0.0,
                0.0,
                0.0,
                0.0
            ],
            [
                0.995,
                0.999,
                0.9885,
                0.9955,
                0.994
            ],
            [
                0.9825,
                0.988,
                0.9835,
                0.994,
                0.991
            ]
        ],
        [
            [
                0.0,
                0.0,
                0.0,
                0.0,
                0.0
            ],
            [
                0.0,
                0.0,
                0.0,
                0.0,
                0.0
            ],
            [
                0.0,
                0.0,
                0.0,
                0.0,
                0.0
            ],
            [
                0.0,
                0.0,
                0.0,
                0.0,
                0.0
            ],
            [
                0.9725,
                0.9845,
                0.975,
                0.9895,
                0.9825
            ]
        ]
    ]
}