{
    "class_cont_Acc": [
        0.9355082742316785,
        0.932517140058766,
        0.7540021344717183,
        0.9171198388721047,
        0.6198688855269794
    ],
    "class_cont_std": [
        0.018838151618057825,
        0.009411724218245054,
        0.008078630039605348,
        0.014007039172832948,
        0.039685003529008445
    ],
    "cont_mean": 0.8318032546322491,
    "cont_std": 0.0042324570265790794,
    "Acc": [
        [
            [
                0.9995271867612293,
                0.9995271867612293,
                0.9990543735224586,
                0.9995271867612293,
                0.9995271867612293
            ],
            [
                0.9867612293144208,
                0.9862884160756501,
                0.9763593380614657,
                0.9929078014184397,
                0.9900709219858156
            ],
            [
                0.948936170212766,
                0.9569739952718677,
                0.9678486997635933,
                0.9895981087470449,
                0.9673758865248226
            ],
            [
                0.9361702127659575,
                0.9394799054373523,
                0.9574468085106383,
                0.9598108747044918,
                0.9687943262411347
            ],
            [
                0.9300236406619385,
                0.9049645390070922,
                0.9423167848699764,
                0.9371158392434988,
                0.9631205673758865
            ]
        ],
        [
            [
                0.0,
                0.0,
                0.0,
                0.0,
                0.0
            ],
            [
                0.9299706170421156,
                0.9632713026444663,
                0.954456415279138,
                0.9466209598432909,
                0.9280117531831538
            ],
            [
                0.9182174338883448,
                0.9333986287952988,
                0.9236043095004897,
                0.93486777668952,
                0.9040156709108716
            ],
            [
                0.9133202742409402,
                0.9368266405484819,
                0.931439764936337,
                0.9226248775710089,
                0.905484818805093
            ],
            [
                0.930460333006856,
                0.9417238001958864,
                0.9431929480901078,
                0.9299706170421156,
                0.9172380019588638
            ]
        ],
        [
            [
                0.0,
                0.0,
                0.0,
                0.0,
                0.0
            ],
            [
                0.0,
                0.0,
                0.0,
                0.0,
                0.0
            ],
            [
                0.8617929562433297,
                0.8687299893276414,
                0.82017075773746,
                0.8639274279615795,
                0.8457844183564568
            ],
            [
                0.8100320170757738,
                0.7950907150480256,
                0.7833511205976521,
                0.7961579509071505,
                0.8180362860192102
            ],
            [
                0.759871931696905,
                0.7566702241195304,
                0.7411953041622199,
                0.7486659551760939,
                0.763607257203842
            ]
        ],
        [
            [
                0.0,
                0.0,
                0.0,
                0.0,
                0.0
            ],
            [
                0.0,
                0.0,
                0.0,
                0.0,
                0.0
            ],
            [
                0.0,
                0.0,
                0.0,
                0.0,
                0.0
            ],
            [
                0.9481369587109768,
                0.9350453172205438,
                0.9315206445115811,
                0.9244712990936556,
                0.945619335347432
            ],
            [
                0.918429003021148,
                0.9295065458207452,
                0.8997985901309165,
                0.9028197381671702,
                0.9350453172205438
            ]
        ],
        [
            [
                0.0,
                0.0,
                0.0,
                0.0,
                0.0
            ],
            [
                0.0,
                0.0,
                0.0,
                0.0,
                0.0
            ],
            [
                0.0,
                0.0,
                0.0,
                0.0,
                0.0
            ],
            [
                0.0,
                0.0,
                0.0,
                0.0,
                0.0
            ],
            [
                0.6449823499747857,
                0.626828038325769,
                0.6258194654563792,
                0.6575895108421583,
                0.5441250630358043
            ]
        ]
    ]
}