{
    "class_cont_Acc": [
        0.8208983451536644,
        0.9240940254652301,
        0.7326574172892208,
        0.9172205438066466,
        0.6923852748361069
    ],
    "class_cont_std": [
        0.10134777966891281,
        0.008949885838637166,
        0.01892651851757546,
        0.012286827436654222,
        0.025826162142144445
    ],
    "cont_mean": 0.8174511213101738,
    "cont_std": 0.01714519884858394,
    "Acc": [
        [
            [
                0.9990543735224586,
                1.0,
                0.9981087470449173,
                0.9990543735224586,
                0.9990543735224586
            ],
            [
                0.9706855791962175,
                0.8964539007092198,
                0.983451536643026,
                0.9905437352245863,
                0.9872340425531915
            ],
            [
                0.8903073286052009,
                0.735224586288416,
                0.9574468085106383,
                0.9839243498817967,
                0.9271867612293144
            ],
            [
                0.8245862884160756,
                0.706855791962175,
                0.9182033096926714,
                0.9522458628841608,
                0.926241134751773
            ],
            [
                0.7281323877068558,
                0.6865248226950355,
                0.8307328605200945,
                0.9517730496453901,
                0.9073286052009456
            ]
        ],
        [
            [
                0.0,
                0.0,
                0.0,
                0.0,
                0.0
            ],
            [
                0.951028403525955,
                0.9662095984329089,
                0.954456415279138,
                0.9353574926542605,
                0.9529872673849168
            ],
            [
                0.9147894221351616,
                0.9378060724779628,
                0.9045053868756121,
                0.9005876591576886,
                0.9289911851126347
            ],
            [
                0.9187071498530852,
                0.9245837414299706,
                0.9069539666993144,
                0.8961802154750245,
                0.9329089128305583
            ],
            [
                0.925073457394711,
                0.9392752203721841,
                0.9260528893241919,
                0.9157688540646425,
                0.9142997061704211
            ]
        ],
        [
            [
                0.0,
                0.0,
                0.0,
                0.0,
                0.0
            ],
            [
                0.0,
                0.0,
                0.0,
                0.0,
                0.0
            ],
            [
                0.8692636072572039,
                0.8505869797225186,
                0.8890074706510138,
                0.8548559231590181,
                0.8409818569903948
            ],
            [
                0.7961579509071505,
                0.7982924226254002,
                0.7817502668089648,
                0.7822838847385272,
                0.7913553895410885
            ],
            [
                0.7422625400213447,
                0.7545357524012807,
                0.7454642475987193,
                0.7043756670224119,
                0.7166488794023479
            ]
        ],
        [
            [
                0.0,
                0.0,
                0.0,
                0.0,
                0.0
            ],
            [
                0.0,
                0.0,
                0.0,
                0.0,
                0.0
            ],
            [
                0.0,
                0.0,
                0.0,
                0.0,
                0.0
            ],
            [
                0.9375629405840886,
                0.9390735146022156,
                0.9642497482376636,
                0.959718026183283,
                0.9375629405840886
            ],
            [
                0.905840886203424,
                0.8997985901309165,
                0.9305135951661632,
                0.9284994964753273,
                0.9214501510574018
            ]
        ],
        [
            [
                0.0,
                0.0,
                0.0,
                0.0,
                0.0
            ],
            [
                0.0,
                0.0,
                0.0,
                0.0,
                0.0
            ],
            [
                0.0,
                0.0,
                0.0,
                0.0,
                0.0
            ],
            [
                0.0,
                0.0,
                0.0,
                0.0,
                0.0
            ],
            [
                0.681290973272819,
                0.7019667170953101,
                0.7286938981341402,
                0.6505295007564297,
                0.6994452849218356
            ]
        ]
    ]
}