{
    "dm_in": 0.002,
    "dm_out": 0.0008,
    "m_th_in": 3.75,
    "m_th_hid": 2.25,
    "m_th_out": 1.3,
    "class_cont_Acc": [
        0.7639716312056738,
        0.8843290891283055,
        0.7820704375667021,
        0.9249748237663645,
        0.659203227433182
    ],
    "class_cont_std": [
        0.031164669671930614,
        0.02785343230437781,
        0.01960521278175813,
        0.008043796796662986,
        0.020650883544974158
    ],
    "cont_mean": 0.8029098418200457,
    "cont_std": 0.011609685450560615,
    "Acc": [
        [
            [
                0.9990543735224586,
                0.9995271867612293,
                0.9985815602836879,
                0.9985815602836879,
                0.9976359338061466
            ],
            [
                0.9593380614657211,
                0.9768321513002364,
                0.9569739952718677,
                0.9224586288416076,
                0.9645390070921985
            ],
            [
                0.9016548463356974,
                0.9243498817966903,
                0.8472813238770686,
                0.7541371158392435,
                0.8921985815602836
            ],
            [
                0.806146572104019,
                0.8486997635933806,
                0.8501182033096927,
                0.7276595744680852,
                0.8860520094562647
            ],
            [
                0.7796690307328605,
                0.7276595744680852,
                0.816548463356974,
                0.7508274231678487,
                0.7451536643026004
            ]
        ],
        [
            [
                0.0,
                0.0,
                0.0,
                0.0,
                0.0
            ],
            [
                0.9265426052889324,
                0.9245837414299706,
                0.9500489715964741,
                0.9466209598432909,
                0.931439764936337
            ],
            [
                0.8917727717923605,
                0.8932419196865817,
                0.9387855044074437,
                0.9255631733594515,
                0.8609206660137121
            ],
            [
                0.8907933398628796,
                0.8971596474045054,
                0.9196865817825661,
                0.9147894221351616,
                0.8893241919686582
            ],
            [
                0.8770812928501469,
                0.8393731635651323,
                0.9260528893241919,
                0.8917727717923605,
                0.8873653281096964
            ]
        ],
        [
            [
                0.0,
                0.0,
                0.0,
                0.0,
                0.0
            ],
            [
                0.0,
                0.0,
                0.0,
                0.0,
                0.0
            ],
            [
                0.8847385272145144,
                0.8890074706510138,
                0.8649946638207043,
                0.884204909284952,
                0.8703308431163287
            ],
            [
                0.8580576307363927,
                0.8292422625400213,
                0.8340448239060833,
                0.8425827107790822,
                0.8415154749199573
            ],
            [
                0.8175026680896478,
                0.7849519743863393,
                0.775880469583778,
                0.7588046958377801,
                0.7732123799359658
            ]
        ],
        [
            [
                0.0,
                0.0,
                0.0,
                0.0,
                0.0
            ],
            [
                0.0,
                0.0,
                0.0,
                0.0,
                0.0
            ],
            [
                0.0,
                0.0,
                0.0,
                0.0,
                0.0
            ],
            [
                0.9451158106747231,
                0.9531722054380665,
                0.9290030211480362,
                0.9491440080563948,
                0.9612286002014099
            ],
            [
                0.9264853977844915,
                0.919436052366566,
                0.9244712990936556,
                0.9154078549848943,
                0.9390735146022156
            ]
        ],
        [
            [
                0.0,
                0.0,
                0.0,
                0.0,
                0.0
            ],
            [
                0.0,
                0.0,
                0.0,
                0.0,
                0.0
            ],
            [
                0.0,
                0.0,
                0.0,
                0.0,
                0.0
            ],
            [
                0.0,
                0.0,
                0.0,
                0.0,
                0.0
            ],
            [
                0.6873424104891579,
                0.6792738275340393,
                0.637922339889057,
                0.653555219364599,
                0.637922339889057
            ]
        ]
    ]
}