{
    "m_th_in": 2.75,
    "m_th_hid": 1.5,
    "m_th_out": 1,
    "class_cont_Acc": [
        0.742033096926714,
        0.842311459353575,
        0.7551760939167556,
        0.8938569989929507,
        0.6708018154311649
    ],
    "class_cont_std": [
        0.08886504383152695,
        0.011295360033957678,
        0.037745161641604526,
        0.019768458167790052,
        0.030230951813977128
    ],
    "cont_mean": 0.7808358929242321,
    "cont_std": 0.013980293438560134,
    "Acc": [
        [
            [
                0.9976359338061466,
                0.9985815602836879,
                0.9947990543735225,
                0.9966903073286052,
                0.9971631205673759
            ],
            [
                0.9375886524822695,
                0.9773049645390071,
                0.9673758865248226,
                0.9867612293144208,
                0.9905437352245863
            ],
            [
                0.7598108747044917,
                0.8747044917257684,
                0.8364066193853428,
                0.8926713947990543,
                0.9130023640661938
            ],
            [
                0.7825059101654847,
                0.7976359338061466,
                0.8226950354609929,
                0.8765957446808511,
                0.8643026004728133
            ],
            [
                0.6548463356973995,
                0.6179669030732861,
                0.8236406619385342,
                0.8335697399527187,
                0.7801418439716312
            ]
        ],
        [
            [
                0.0,
                0.0,
                0.0,
                0.0,
                0.0
            ],
            [
                0.8290891283055828,
                0.861900097943193,
                0.8516160626836435,
                0.9138099902056807,
                0.8952007835455436
            ],
            [
                0.8628795298726738,
                0.846718903036239,
                0.8942213516160626,
                0.9177277179236043,
                0.8883447600391773
            ],
            [
                0.8903036238981391,
                0.8672869735553379,
                0.8677766895200784,
                0.905484818805093,
                0.9118511263467189
            ],
            [
                0.8545543584720862,
                0.8408423114593536,
                0.8379040156709109,
                0.8241919686581782,
                0.8540646425073457
            ]
        ],
        [
            [
                0.0,
                0.0,
                0.0,
                0.0,
                0.0
            ],
            [
                0.0,
                0.0,
                0.0,
                0.0,
                0.0
            ],
            [
                0.8874066168623266,
                0.8895410885805763,
                0.9044823906083245,
                0.8335112059765208,
                0.8767342582710779
            ],
            [
                0.8500533617929562,
                0.8303094983991463,
                0.8335112059765208,
                0.8169690501600854,
                0.8175026680896478
            ],
            [
                0.7604055496264674,
                0.7769477054429029,
                0.7582710779082177,
                0.6846318036286019,
                0.7956243329775881
            ]
        ],
        [
            [
                0.0,
                0.0,
                0.0,
                0.0,
                0.0
            ],
            [
                0.0,
                0.0,
                0.0,
                0.0,
                0.0
            ],
            [
                0.0,
                0.0,
                0.0,
                0.0,
                0.0
            ],
            [
                0.9083585095669687,
                0.9582074521651561,
                0.9536757301107754,
                0.9506545820745217,
                0.9204431017119838
            ],
            [
                0.9033232628398792,
                0.9209466263846928,
                0.8987915407854985,
                0.8841893252769386,
                0.8620342396777442
            ]
        ],
        [
            [
                0.0,
                0.0,
                0.0,
                0.0,
                0.0
            ],
            [
                0.0,
                0.0,
                0.0,
                0.0,
                0.0
            ],
            [
                0.0,
                0.0,
                0.0,
                0.0,
                0.0
            ],
            [
                0.0,
                0.0,
                0.0,
                0.0,
                0.0
            ],
            [
                0.7095310136157338,
                0.6666666666666666,
                0.6938981341401916,
                0.621280887544125,
                0.6626323751891074
            ]
        ]
    ]
}