{
    "m_th_in": 2.5,
    "m_th_hid": 1.25,
    "m_th_out": 1.1,
    "class_cont_Acc": [
        0.782695035460993,
        0.8341821743388834,
        0.6057630736392743,
        0.9603222557905337,
        0.810590015128593
    ],
    "class_cont_std": [
        0.04119568324910891,
        0.03078222267439054,
        0.025829312729467417,
        0.011247438349840651,
        0.03404826090906431
    ],
    "cont_mean": 0.7987105108716555,
    "cont_std": 0.010705207323220488,
    "Acc": [
        [
            [
                0.9981087470449173,
                0.9981087470449173,
                0.9990543735224586,
                0.9990543735224586,
                0.9976359338061466
            ],
            [
                0.9801418439716312,
                0.9872340425531915,
                0.9872340425531915,
                0.9881796690307328,
                0.9877068557919622
            ],
            [
                0.8860520094562647,
                0.9555555555555556,
                0.933806146572104,
                0.8264775413711584,
                0.7678486997635934
            ],
            [
                0.8907801418439716,
                0.8307328605200945,
                0.8278959810874704,
                0.8557919621749409,
                0.7848699763593381
            ],
            [
                0.8,
                0.8193853427895981,
                0.8198581560283688,
                0.7115839243498818,
                0.7626477541371158
            ]
        ],
        [
            [
                0.0,
                0.0,
                0.0,
                0.0,
                0.0
            ],
            [
                0.9147894221351616,
                0.9231145935357493,
                0.9353574926542605,
                0.935847208619001,
                0.925073457394711
            ],
            [
                0.8540646425073457,
                0.9113614103819785,
                0.8751224289911851,
                0.8594515181194907,
                0.8060724779627816
            ],
            [
                0.8785504407443683,
                0.8697355533790402,
                0.8609206660137121,
                0.9177277179236043,
                0.8721841332027425
            ],
            [
                0.8227228207639569,
                0.8560235063663075,
                0.8829578844270323,
                0.8050930460333007,
                0.8041136141038198
            ]
        ],
        [
            [
                0.0,
                0.0,
                0.0,
                0.0,
                0.0
            ],
            [
                0.0,
                0.0,
                0.0,
                0.0,
                0.0
            ],
            [
                0.8943436499466382,
                0.8633938100320171,
                0.8644610458911419,
                0.8970117395944504,
                0.8735325506937033
            ],
            [
                0.8441835645677694,
                0.7801494130202775,
                0.7748132337246532,
                0.8335112059765208,
                0.791889007470651
            ],
            [
                0.567769477054429,
                0.6350053361792957,
                0.6168623265741728,
                0.5832443970117396,
                0.6259338313767343
            ]
        ],
        [
            [
                0.0,
                0.0,
                0.0,
                0.0,
                0.0
            ],
            [
                0.0,
                0.0,
                0.0,
                0.0,
                0.0
            ],
            [
                0.0,
                0.0,
                0.0,
                0.0,
                0.0
            ],
            [
                0.9602215508559919,
                0.9657603222557906,
                0.9667673716012085,
                0.9617321248741189,
                0.9697885196374623
            ],
            [
                0.9637462235649547,
                0.9410876132930514,
                0.9758308157099698,
                0.9627391742195368,
                0.9582074521651561
            ]
        ],
        [
            [
                0.0,
                0.0,
                0.0,
                0.0,
                0.0
            ],
            [
                0.0,
                0.0,
                0.0,
                0.0,
                0.0
            ],
            [
                0.0,
                0.0,
                0.0,
                0.0,
                0.0
            ],
            [
                0.0,
                0.0,
                0.0,
                0.0,
                0.0
            ],
            [
                0.843166918809884,
                0.7700453857791225,
                0.7786182551689359,
                0.8557740796772567,
                0.805345436207766
            ]
        ]
    ]
}