{
    "class_cont_Acc": [
        0.8494562647754137,
        0.9019588638589617,
        0.7205976520811099,
        0.9473313192346424,
        0.7654059505799293
    ],
    "class_cont_std": [
        0.03418488762976673,
        0.01964829310249671,
        0.025968285039869674,
        0.00940715621200949,
        0.025958557521978644
    ],
    "cont_mean": 0.8369500101060116,
    "cont_std": 0.007802015244493751,
    "Acc": [
        [
            [
                0.9995271867612293,
                0.9995271867612293,
                0.9990543735224586,
                0.9995271867612293,
                0.9995271867612293
            ],
            [
                0.9782505910165484,
                0.9754137115839243,
                0.9593380614657211,
                0.9858156028368794,
                0.9427895981087471
            ],
            [
                0.8728132387706856,
                0.8742316784869977,
                0.9059101654846335,
                0.939952718676123,
                0.8070921985815603
            ],
            [
                0.8548463356973995,
                0.8633569739952719,
                0.9030732860520094,
                0.8950354609929078,
                0.7891252955082743
            ],
            [
                0.8198581560283688,
                0.8581560283687943,
                0.8761229314420804,
                0.8921985815602836,
                0.8009456264775414
            ]
        ],
        [
            [
                0.0,
                0.0,
                0.0,
                0.0,
                0.0
            ],
            [
                0.9505386875612145,
                0.9642507345739472,
                0.9461312438785504,
                0.9387855044074437,
                0.9632713026444663
            ],
            [
                0.9285014691478942,
                0.94564152791381,
                0.9245837414299706,
                0.9294809010773751,
                0.951028403525955
            ],
            [
                0.9079333986287953,
                0.9103819784524976,
                0.8927522037218414,
                0.9098922624877571,
                0.9162585700293829
            ],
            [
                0.881488736532811,
                0.9069539666993144,
                0.9094025465230167,
                0.9324191968658179,
                0.8795298726738492
            ]
        ],
        [
            [
                0.0,
                0.0,
                0.0,
                0.0,
                0.0
            ],
            [
                0.0,
                0.0,
                0.0,
                0.0,
                0.0
            ],
            [
                0.9130202774813234,
                0.9124866595517609,
                0.8836712913553896,
                0.8964781216648879,
                0.9354322305229456
            ],
            [
                0.8585912486659552,
                0.8233724653148345,
                0.807897545357524,
                0.8468516542155816,
                0.8633938100320171
            ],
            [
                0.6824973319103522,
                0.7534685165421559,
                0.7267876200640342,
                0.7001067235859125,
                0.740128068303095
            ]
        ],
        [
            [
                0.0,
                0.0,
                0.0,
                0.0,
                0.0
            ],
            [
                0.0,
                0.0,
                0.0,
                0.0,
                0.0
            ],
            [
                0.0,
                0.0,
                0.0,
                0.0,
                0.0
            ],
            [
                0.9647532729103726,
                0.9672708962739174,
                0.9556898288016112,
                0.9617321248741189,
                0.959214501510574
            ],
            [
                0.9627391742195368,
                0.9526686807653575,
                0.9410876132930514,
                0.9441087613293051,
                0.9360523665659617
            ]
        ],
        [
            [
                0.0,
                0.0,
                0.0,
                0.0,
                0.0
            ],
            [
                0.0,
                0.0,
                0.0,
                0.0,
                0.0
            ],
            [
                0.0,
                0.0,
                0.0,
                0.0,
                0.0
            ],
            [
                0.0,
                0.0,
                0.0,
                0.0,
                0.0
            ],
            [
                0.8149268784669692,
                0.7584467977811397,
                0.7443267776096822,
                0.7448310640443772,
                0.7644982349974786
            ]
        ]
    ]
}