{
    "m_th_in": 2.75,
    "m_th_hid": 1.625,
    "m_th_out": 1.4,
    "class_cont_Acc": [
        0.7580141843971632,
        0.8891283055827619,
        0.695410885805763,
        0.9371601208459215,
        0.8112960161371658
    ],
    "class_cont_std": [
        0.040922142873425243,
        0.026658906505293907,
        0.05939855514144878,
        0.003918444402486132,
        0.036397325392600974
    ],
    "cont_mean": 0.8182019025537552,
    "cont_std": 0.012354265536187414,
    "Acc": [
        [
            [
                0.9990543735224586,
                0.9985815602836879,
                0.9985815602836879,
                1.0,
                0.9990543735224586
            ],
            [
                0.9650118203309692,
                0.9791962174940898,
                0.9593380614657211,
                0.9276595744680851,
                0.9527186761229315
            ],
            [
                0.8354609929078014,
                0.8354609929078014,
                0.724822695035461,
                0.8373522458628841,
                0.7621749408983451
            ],
            [
                0.7867612293144208,
                0.8283687943262411,
                0.7205673758865249,
                0.7739952718676123,
                0.7035460992907802
            ],
            [
                0.8094562647754137,
                0.8018912529550828,
                0.7035460992907802,
                0.7380614657210401,
                0.7371158392434988
            ]
        ],
        [
            [
                0.0,
                0.0,
                0.0,
                0.0,
                0.0
            ],
            [
                0.9593535749265426,
                0.9583741429970617,
                0.9500489715964741,
                0.9275220372184133,
                0.9520078354554359
            ],
            [
                0.8966699314397649,
                0.9177277179236043,
                0.930460333006856,
                0.9182174338883448,
                0.901077375122429
            ],
            [
                0.89128305582762,
                0.9162585700293829,
                0.9069539666993144,
                0.8868756121449559,
                0.8633692458374143
            ],
            [
                0.9030362389813908,
                0.881488736532811,
                0.8991185112634672,
                0.9201762977473066,
                0.8418217433888345
            ]
        ],
        [
            [
                0.0,
                0.0,
                0.0,
                0.0,
                0.0
            ],
            [
                0.0,
                0.0,
                0.0,
                0.0,
                0.0
            ],
            [
                0.9076840981856991,
                0.8959445037353255,
                0.9098185699039488,
                0.9018143009605123,
                0.9130202774813234
            ],
            [
                0.843649946638207,
                0.823906083244397,
                0.8479188900747066,
                0.8324439701173959,
                0.8052294557097118
            ],
            [
                0.7342582710779082,
                0.6856990394877268,
                0.7390608324439701,
                0.7347918890074706,
                0.5832443970117396
            ]
        ],
        [
            [
                0.0,
                0.0,
                0.0,
                0.0,
                0.0
            ],
            [
                0.0,
                0.0,
                0.0,
                0.0,
                0.0
            ],
            [
                0.0,
                0.0,
                0.0,
                0.0,
                0.0
            ],
            [
                0.9602215508559919,
                0.9566968781470292,
                0.959214501510574,
                0.9622356495468278,
                0.9637462235649547
            ],
            [
                0.9400805639476334,
                0.9415911379657603,
                0.9315206445115811,
                0.9335347432024169,
                0.9390735146022156
            ]
        ],
        [
            [
                0.0,
                0.0,
                0.0,
                0.0,
                0.0
            ],
            [
                0.0,
                0.0,
                0.0,
                0.0,
                0.0
            ],
            [
                0.0,
                0.0,
                0.0,
                0.0,
                0.0
            ],
            [
                0.0,
                0.0,
                0.0,
                0.0,
                0.0
            ],
            [
                0.7604639435199193,
                0.7962682803832577,
                0.8194654563792234,
                0.8078668683812406,
                0.8724155320221886
            ]
        ]
    ]
}