{
    "m_th_in": 3,
    "m_th_hid": 1.5,
    "m_th_out": 1.4,
    "class_cont_Acc": [
        0.8847281323877068,
        0.9023506366307542,
        0.7232657417289221,
        0.9394763343403827,
        0.7266767523953606
    ],
    "class_cont_std": [
        0.013870119604811373,
        0.01541975525571237,
        0.02560832388373333,
        0.015452219761383008,
        0.01438410205628409
    ],
    "cont_mean": 0.8352995194966251,
    "cont_std": 0.010225000634363521,
    "Acc": [
        [
            [
                0.9990543735224586,
                0.9995271867612293,
                0.9995271867612293,
                0.9995271867612293,
                0.9995271867612293
            ],
            [
                0.9810874704491725,
                0.9900709219858156,
                0.9687943262411347,
                0.9687943262411347,
                0.975886524822695
            ],
            [
                0.9290780141843972,
                0.9716312056737588,
                0.9513002364066194,
                0.8936170212765957,
                0.9300236406619385
            ],
            [
                0.9333333333333333,
                0.9494089834515367,
                0.8761229314420804,
                0.9328605200945627,
                0.9243498817966903
            ],
            [
                0.8865248226950354,
                0.9011820330969267,
                0.8969267139479905,
                0.8756501182033097,
                0.8633569739952719
            ]
        ],
        [
            [
                0.0,
                0.0,
                0.0,
                0.0,
                0.0
            ],
            [
                0.9515181194906954,
                0.9382957884427032,
                0.9524975514201763,
                0.9451518119490695,
                0.9431929480901078
            ],
            [
                0.9280117531831538,
                0.935847208619001,
                0.9515181194906954,
                0.9378060724779628,
                0.9520078354554359
            ],
            [
                0.9030362389813908,
                0.915279138099902,
                0.9167482859941234,
                0.9387855044074437,
                0.9329089128305583
            ],
            [
                0.8937316356513222,
                0.8829578844270323,
                0.910871694417238,
                0.9275220372184133,
                0.8966699314397649
            ]
        ],
        [
            [
                0.0,
                0.0,
                0.0,
                0.0,
                0.0
            ],
            [
                0.0,
                0.0,
                0.0,
                0.0,
                0.0
            ],
            [
                0.884204909284952,
                0.8617929562433297,
                0.8767342582710779,
                0.8831376734258272,
                0.8601921024546425
            ],
            [
                0.7988260405549626,
                0.8372465314834578,
                0.80042689434365,
                0.83991462113127,
                0.7892209178228389
            ],
            [
                0.67982924226254,
                0.7342582710779082,
                0.731590181430096,
                0.7566702241195304,
                0.7139807897545357
            ]
        ],
        [
            [
                0.0,
                0.0,
                0.0,
                0.0,
                0.0
            ],
            [
                0.0,
                0.0,
                0.0,
                0.0,
                0.0
            ],
            [
                0.0,
                0.0,
                0.0,
                0.0,
                0.0
            ],
            [
                0.959214501510574,
                0.9551863041289023,
                0.9511581067472307,
                0.9682779456193353,
                0.9577039274924471
            ],
            [
                0.9279959718026183,
                0.9390735146022156,
                0.9330312185297079,
                0.9692849949647533,
                0.9279959718026183
            ]
        ],
        [
            [
                0.0,
                0.0,
                0.0,
                0.0,
                0.0
            ],
            [
                0.0,
                0.0,
                0.0,
                0.0,
                0.0
            ],
            [
                0.0,
                0.0,
                0.0,
                0.0,
                0.0
            ],
            [
                0.0,
                0.0,
                0.0,
                0.0,
                0.0
            ],
            [
                0.7266767523953606,
                0.7231467473524962,
                0.7019667170953101,
                0.7382753403933434,
                0.7433182047402925
            ]
        ]
    ]
}